-- 01. Criando tabelas

create table produtos(
  id text primary key,
  nome varchar(255),
  descricao varchar(255),
  preco decimal(10,2),
  categoria varchar(50)
);

create table colaboradores(
  id text primary key,
  nome varchar(255) not null,
  cargo varchar(255),
  data_contratacao date,
  telefone varchar(20),
  email varchar(100),
  rua varchar(100) not null,
  bairro varchar(100) not null,
  cidade varchar(100) not null,
  estado varchar(2) not null,
  cep varchar(8) not null
);

create table fornecedores(
  id text primary key,
  nome varchar(255) not null,
  contato varchar(100) not null,
  telefone varchar(20),
  email varchar(100),
  rua varchar(100) not null,
  bairro varchar(100) not null,
  cidade varchar(100) not null,
  estado varchar(2) not null,
  cep varchar(8) not null
);

-- Aprendendo a utilizar 'default'

create table clientes(
  id text not null,
  nome varchar(255),
  telefone varchar(20),
  email varchar(100) default 'SEM email',
  endereco varchar(255),
  primary key (id)
);

create table pedidos(
  id text not null,
  id_cliente text,
  data_hora datetime,
  status varchar(50),
  primary key (id),
  foreign key (id_cliente) references clientes(id) on delete cascade
);

create table itens_pedidos(
  id_pedido text,
  id_produto text,
  quantidade int,
  preco_unitario decimal (10,2),
  
  primary key (id_pedido, id_produto),
  foreign key (id_pedido) references pedidos(id),
  foreign key (id_produto) references produtos(id)
);



-- 02. inserindo dados (código já forcenido, modificado para corresponder com os novos nomes dos campos)

INSERT INTO colaboradores (id, nome, cargo, data_contratacao, telefone, email, rua, bairro, cidade, estado, cep) VALUES
(1, 'Carlos Silva', 'Gerente', '2022-03-15', '115551234', 'carlos.silva@email.com', 'Rua do Comércio - 258', 'Centro', 'São Paulo', 'SP', '01000001');

INSERT INTO colaboradores (id, nome, cargo, data_contratacao, telefone, email, rua, bairro, cidade, estado, cep) VALUES
(2, 'Marta Sousa', 'Chef de Cozinha', '2022-05-10', '215555678', 'marta.sousa@email.com', 'Rua dos Sabores - 456', 'Saboroso', 'São Paulo', 'SP', '20000001'),
(3, 'Pedro Almeida', 'Barista', '2022-07-20', '315557890', 'pedro.almeida@email.com', 'Avenida do Café - 789', 'Centro', 'São Paulo', 'SP', '01000001'),
(4, 'Sofia Rodrigues', 'Garçom', '2022-01-12', '415552345', 'sofia.rodrigues@email.com', 'Rua da Hospitalidade - 101', 'Boas Maneiras', 'São Paulo', 'SP', '40000001'),
(5, 'João Pereira', 'Atendente', '2022-09-05', '515558765', 'joao.pereira@email.com', 'Rua das flores - 210', 'Centro', 'São Paulo', 'SP', '20000001'),
(6, 'Inês Lima', 'Barista', '2022-04-02', '615553421', 'ines.lima@email.com', 'Rua das Entregas - 280', 'Entregas Rápidas', 'São Paulo', 'SP', '90000001'),
(7, 'Antonio Artur', 'Entregador', '2023-01-10', '568442577', 'antonio.artur@email.com', 'Rua das flores - 210', 'Centro', 'São Paulo', 'SP', '20000001');


INSERT INTO fornecedores (id, nome, Contato, telefone, email, rua, bairro, cidade, estado, cep) VALUES
(1, 'Café do Brasil Ltda.', 'Maria Oliveira', '115551234', 'cafebrasil@email.com', 'Rua do Café - 123', 'Centro', 'São Paulo', 'SP', '01000000'),
(2, 'Laticínios Sabor Puro', 'João Santos', '215555678', 'laticinios@email.com', 'Avenida das Vacas - 456', 'Leite Feliz', 'Rio de Janeiro', 'RJ', '20000000'),
(3, 'Frutas Frescas S.A.', 'Carlos Ferreira', '315557890', 'frutasfrescas@email.com', 'Rua das Maçãs - 789', 'Pomar Verde', 'Belo Horizonte', 'MG', '30000000'),
(4, 'Padaria da cidade', 'Sofia Alves', '415552345', 'padariacidade@email.com', 'Rua dos Pães - 101', 'Pão Quentinho', 'Salvador', 'BA', '40000000'),
(5, 'Fornecedor de Chocolate', 'Rui Lima', '515558765', 'chocolatelovers@email.com', 'Rua do Cacau - 210', 'Chocolateira', 'Florianópolis', 'SC', '88000000'),
(6, 'Distribuidora de Bebidas', 'Ana Pereira', '615553421', 'bebidaspremium@email.com', 'Avenida das Garrafas - 35', 'Copo Cheio', 'Porto Alegre', 'RS', '90000000');



INSERT INTO produtos (id, nome, descricao, preco, categoria) VALUES
(1, 'Espresso', 'Um shot de espresso forte e encorpado.', 2.50, 'Café'),
(2, 'Cappuccino', 'Espresso, leite vaporizado e espuma de leite.', 3.50, 'Café'),
(3, 'Latte Macchiato', 'Leite vaporizado, espresso e espuma de leite.', 4.00, 'Café'),
(4, 'Mocha', 'Espresso, leite vaporizado, chocolate e chantilly.', 4.50, 'Café'),
(5, 'Café da Casa', 'Café da casa especial com sabor suave.', 2.00, 'Café'),
(6, 'Chá de Camomila', 'Chá de camomila com mel e limão.', 2.00, 'Chá'),
(7, 'Omelete de Queijo', 'Omelete recheada com queijo e ervas.', 7.50, 'Almoço'),
(8, 'Quiche de Espinafre', 'Quiche de espinafre e queijo de cabra.', 8.00, 'Almoço'),
(9, 'Frango ao Curry', 'Frango ao curry com arroz basmati.', 9.00, 'Jantar'),
(10, 'Tiramisu', 'Sobremesa italiana com café e mascarpone.', 5.00, 'Sobremesa'),
(11, 'Croissant de Chocolate', 'Croissant recheado com chocolate belga.', 3.50, 'Sobremesa'),
(12, 'Cappuccino Gelado', 'Cappuccino gelado com chantilly e canela.', 4.50, 'Café'),
(13, 'Salada de Quinoa', 'Salada de quinoa com vegetais frescos.', 7.00, 'Almoço'),
(14, 'Sanduíche de Peru', 'Sanduíche de peru com queijo e mostarda.', 6.00, 'Almoço'),
(15, 'Salmão Grelhado', 'Salmão grelhado com legumes da estação.', 11.00, 'Jantar'),
(16, 'Cheesecake de Framboesa', 'Cheesecake de framboesa com calda.', 5.50, 'Sobremesa'),
(17, 'Smoothie de Frutas', 'Smoothie refrescante de frutas da estação.', 4.00, 'Bebidas'),
(18, 'Chá Verde', 'Chá verde com gengibre e limão.', 2.50, 'Chá'),
(19, 'Baguete de Presunto', 'Baguete fresca recheada com presunto e queijo.', 10.00, 'Almoço'),
(20, 'Salada de Frutas', 'Salada de frutas frescas com iogurte.', 4.00, 'Sobremesa'),
(21, 'Caprese Wrap', 'Wrap recheado com tomate, mozzarella e manjericão.', 6.50, 'Almoço'),
(22, 'Muffin de Mirtilo', 'Muffin de mirtilo recém-assado.', 3.00, 'Café'),
(23, 'Smoothie de Manga', 'Smoothie refrescante de manga e banana.', 4.50, 'Bebidas'),
(24, 'Misto Quente', 'Sanduíche misto quente de presunto e queijo.', 5.50, 'Almoço'),
(25, 'Tarte Tatin de Maçã', 'Tarte de maçã caramelizada.', 5.00, 'Sobremesa'),
(26, 'Sanduíche de Frango', 'Sanduíche de frango grelhado e abacate.', 7.00, 'Almoço'),
(27, 'Batido de Morango', 'Batido cremoso de morango com chantilly.', 4.50, 'Bebidas'),
(28, 'Croissant de Amêndoa', 'Croissant recheado com chocolate belga.', 3.50, 'Sobremesa'),
(29, 'Tofu Scramble', 'Scramble de tofu com vegetais e espinafre.', 6.50, 'Sobremesa'),
(30, 'Salada de Atum', 'Salada de atum com feijão e pimentão.', 8.00, 'Almoço');






INSERT INTO clientes (id, nome, telefone, email, endereco) VALUES
(1, 'Maria Silva', '115551234', 'maria.silva@email.com', 'Rua das Flores, 123, cidade A'),
(2, 'João Pereira', '215555678', 'joao.pereira@email.com', 'Av. Principal, 456, cidade B'),
(3, 'Ana Rodrigues', '315557890', 'ana.rodrigues@email.com', 'Rua Central, 789, cidade C'),
(4, 'Pedro Alves', '415552345', 'pedro.alves@email.com', 'Travessa dos Sonhos, 56, cidade D'),
(5, 'Sofia Santos', '515558765', 'sofia.santos@email.com', 'Alameda das Artes, 321, cidade E'),
(6, 'Jorge Lima', '615553421', 'jorge.lima@email.com', 'Praça das Estrelas, 987, cidade F'),
(7, 'Luisa Ferreira', '715559876', 'luisa.ferreira@email.com', 'Rua das Palmeiras, 789, cidade G'),
(8, 'Carlos Gomes', '815552345', 'carlos.gomes@email.com', 'Avenida dos Ventos, 123, cidade H'),
(9, 'Marta Ribeiro', '915555432', 'marta.ribeiro@email.com', 'Travessa das Maravilhas, 56, cidade I');



INSERT INTO clientes (id, nome, telefone, email, endereco) VALUES
(10, 'Ana Maria Silva', '1515557890', 'ana.silva@email.com', 'Rua Central, 567, cidade O');
INSERT INTO clientes (id,nome, telefone, endereco) VALUES
(11, 'André Almeida', '1015556789', 'Praça da Felicidade, 456, cidade J');
INSERT INTO clientes (id,nome, telefone, email, endereco) VALUES
(12, 'João Carlos Rodrigues', '1615552345', 'joao.rodrigues@email.com', 'Praça dos Poetas, 321, cidade P');
INSERT INTO clientes (id,nome, telefone, endereco) VALUES
(13, 'Isabela Pereira', '1115558765', 'Rua das Araras, 789, cidade K');

INSERT INTO clientes (id, nome, telefone, email, endereco) VALUES
(14, 'Isabel Gonçalves', '1715558765', 'isabel.goncalves@email.com', 'Alameda das Gaivotas, 654, cidade Q'),
(15, 'Ricardo Ferreira', '1815554321', 'ricardo.ferreira@email.com', 'Avenida da Paz, 987, cidade R'),
(16, 'Mariana Costa', '1915551234', 'mariana.costa@email.com', 'Travessa das Mariposas, 234, cidade S'),
(17, 'Luís Carlos Sousa', '2015555678', 'luis.sousa@email.com', 'Rua dos Sonhos, 456, cidade T'),
(18, 'Silvia Ribeiro', '2115557890', 'silvia.ribeiro@email.com', 'Alameda dos Sorrisos, 765, cidade U'),
(19, 'Artur Santos', '2215552345', 'artur.santos@email.com', 'Praça das Alegrias, 987, cidade V'),
(21, 'Carolina Lima', '2315558765', 'carolina.lima@email.com', 'Avenida da Felicidade, 654, cidade W'),
(22, 'Pedro Almeida', '2415554321', 'pedro.almeida@email.com', 'Rua das Estrelas, 123, cidade X'),
(23, 'Inês Gonçalves', '2515551234', 'ines.goncalves@email.com', 'Travessa das Maravilhas, 234, cidade Y');

INSERT INTO clientes (id,nome, telefone, endereco) VALUES
(24, 'Rui Santos', '1215554321', 'Alameda das Estrelas, 654, cidade L');
INSERT INTO clientes (id,nome, telefone, email, endereco) VALUES
(25, 'Diogo Fernandes', '2615555678', 'diogo.fernandes@email.com', 'Praça dos Desejos, 987, cidade Z');
INSERT INTO clientes (id,nome, telefone, endereco) VALUES
(26, 'Helena Lima', '1315551234', 'Avenida dos Sonhos, 234, cidade M');
INSERT INTO clientes (id,nome, telefone, endereco) VALUES
(27, 'Paulo Sousa', '1415555678', 'Travessa das Marés, 876, cidade N');

INSERT INTO pedidos (id,id_cliente, data_hora, status) VALUES 
 ('1','10','2023-01-02 08:15:00','Em Andamento'), 
 ('2','3','2023-01-02 08:45:00','Concluído'), 
 ('3','8','2023-01-02 09:30:00','Entregue'), 
 ('4','14','2023-01-02 10:00:00','Em Andamento'), 
 ('5','7','2023-01-02 11:30:00','Concluído'), 
 ('6','1','2023-01-02 12:45:00','Entregue'), 
 ('7','25','2023-01-06 08:30:00','Em Andamento'), 
 ('8','9','2023-01-06 09:00:00','Concluído'), 
 ('9','12','2023-01-06 09:30:00','Entregue'), 
 ('10','26','2023-01-06 10:15:00','Em Andamento'), 
 ('11','4','2023-01-06 10:45:00','Concluído'), 
 ('12','5','2023-01-06 12:00:00','Em Andamento'), 
 ('13','22','2023-01-12 08:15:00','Concluído'), 
 ('14','18','2023-01-12 09:45:00','Entregue'), 
 ('15','19','2023-01-12 10:30:00','Em Andamento'), 
 ('16','15','2023-01-12 11:00:00','Concluído'), 
 ('17','20','2023-01-12 12:15:00','Entregue'), 
 ('18','13','2023-01-18 09:15:00','Em Andamento'), 
 ('19','23','2023-01-18 09:45:00','Concluído'), 
 ('20','2','2023-01-18 10:30:00','Entregue'), 
 ('21','6','2023-01-22 08:00:00','Em Andamento'), 
 ('22','11','2023-01-22 09:30:00','Concluído'), 
 ('23','21','2023-01-22 10:45:00','Entregue'), 
 ('24','16','2023-01-22 11:15:00','Em Andamento'), 
 ('25','24','2023-01-26 12:00:00','Concluído'), 
 ('26','17','2023-01-26 12:30:00','Entregue'), 
 ('27','8','2023-02-01 08:30:00','Em Andamento'), 
 ('28','12','2023-02-01 10:00:00','Concluído'), 
 ('29','2','2023-02-01 11:15:00','Entregue'), 
 ('30','16','2023-02-03 09:45:00','Em Andamento'), 
 ('31','25','2023-02-03 12:30:00','Concluído'), 
 ('32','7','2023-02-05 08:15:00','Entregue'), 
 ('33','10','2023-02-05 10:30:00','Em Andamento'), 
 ('34','4','2023-02-06 08:00:00','Concluído'), 
 ('35','11','2023-02-06 10:15:00','Entregue'), 
 ('36','15','2023-02-06 12:45:00','Em Andamento'), 
 ('37','26','2023-02-07 09:00:00','Concluído'), 
 ('38','3','2023-02-07 10:45:00','Entregue'), 
 ('39','18','2023-02-07 11:30:00','Em Andamento'), 
 ('40','20','2023-02-10 08:15:00','Concluído'), 
 ('41','21','2023-02-10 09:30:00','Entregue'), 
 ('42','13','2023-02-10 11:00:00','Em Andamento'), 
 ('43','9','2023-02-12 08:45:00','Concluído'), 
 ('44','5','2023-02-12 10:30:00','Entregue'), 
 ('45','19','2023-02-12 12:15:00','Em Andamento'), 
 ('46','22','2023-02-15 08:30:00','Concluído'), 
 ('47','24','2023-02-15 09:15:00','Entregue'), 
 ('48','1','2023-02-15 10:00:00','Em Andamento'), 
 ('49','23','2023-02-18 11:45:00','Concluído'), 
 ('50','6','2023-02-18 12:00:00','Entregue'), 
 ('51','8','2023-03-01 08:15:00','Em Andamento'), 
 ('52','10','2023-03-01 10:30:00','Concluído'), 
 ('53','4','2023-03-01 11:45:00','Entregue'), 
 ('54','2','2023-03-01 12:00:00','Em Andamento'), 
 ('55','16','2023-03-02 09:00:00','Concluído'), 
 ('56','12','2023-03-02 10:15:00','Entregue'), 
 ('57','26','2023-03-02 11:30:00','Em Andamento'), 
 ('58','5','2023-03-03 08:30:00','Concluído'), 
 ('59','9','2023-03-03 10:45:00','Entregue'), 
 ('60','18','2023-03-03 12:15:00','Em Andamento'), 
 ('61','1','2023-03-04 08:45:00','Concluído'), 
 ('62','22','2023-03-04 09:15:00','Entregue'), 
 ('63','15','2023-03-04 10:00:00','Em Andamento'), 
 ('64','19','2023-03-05 08:00:00','Concluído'), 
 ('65','21','2023-03-05 09:30:00','Entregue'), 
 ('66','7','2023-03-05 10:45:00','Em Andamento'), 
 ('67','11','2023-03-06 11:00:00','Concluído'), 
 ('68','13','2023-03-06 12:30:00','Entregue'), 
 ('69','3','2023-03-07 08:15:00','Em Andamento'), 
 ('70','24','2023-03-07 09:00:00','Concluído'), 
 ('71','17','2023-03-07 10:30:00','Entregue'), 
 ('72','23','2023-03-08 08:00:00','Em Andamento'), 
 ('73','6','2023-03-08 09:45:00','Concluído'), 
 ('74','20','2023-03-08 11:15:00','Entregue'), 
 ('75','14','2023-03-09 12:45:00','Em Andamento'), 
 ('76','25','2023-03-09 13:30:00','Concluído'), 
 ('77','8','2023-04-01 08:15:00','Em Andamento'), 
 ('78','10','2023-04-01 10:30:00','Concluído'), 
 ('79','4','2023-04-01 11:45:00','Entregue'), 
 ('80','2','2023-04-01 12:00:00','Em Andamento'), 
 ('81','16','2023-04-02 09:00:00','Concluído'), 
 ('82','12','2023-04-02 10:15:00','Entregue'), 
 ('83','26','2023-04-02 11:30:00','Em Andamento'), 
 ('84','5','2023-04-03 08:30:00','Concluído'), 
 ('85','9','2023-04-03 10:45:00','Entregue'), 
 ('86','18','2023-04-03 12:15:00','Em Andamento'), 
 ('87','1','2023-04-04 08:45:00','Concluído'), 
 ('88','22','2023-04-04 09:15:00','Entregue'), 
 ('89','15','2023-04-04 10:00:00','Em Andamento'), 
 ('90','19','2023-04-05 08:00:00','Concluído'), 
 ('91','21','2023-04-05 09:30:00','Entregue'), 
 ('92','7','2023-04-05 10:45:00','Em Andamento'), 
 ('93','11','2023-04-06 11:00:00','Concluído'), 
 ('94','13','2023-04-06 12:30:00','Entregue'), 
 ('95','3','2023-04-07 08:15:00','Em Andamento'), 
 ('96','24','2023-04-07 09:00:00','Concluído'), 
 ('97','17','2023-04-07 10:30:00','Entregue'), 
 ('98','23','2023-04-08 08:00:00','Em Andamento'), 
 ('99','6','2023-04-08 09:45:00','Concluído'), 
 ('100','20','2023-04-08 11:15:00','Entregue'), 
 ('101','14','2023-04-09 12:45:00','Em Andamento'), 
 ('102','25','2023-04-09 13:30:00','Concluído'), 
 ('103','8','2023-05-01 08:15:00','Em Andamento'), 
 ('104','10','2023-05-01 10:30:00','Concluído'), 
 ('105','4','2023-05-01 11:45:00','Entregue'), 
 ('106','2','2023-05-01 12:00:00','Em Andamento'), 
 ('107','16','2023-05-02 09:00:00','Concluído'), 
 ('108','12','2023-05-02 10:15:00','Entregue'), 
 ('109','26','2023-05-02 11:30:00','Em Andamento'), 
 ('110','5','2023-05-03 08:30:00','Concluído'), 
 ('111','9','2023-05-03 10:45:00','Entregue'), 
 ('112','18','2023-05-03 12:15:00','Em Andamento'), 
 ('113','1','2023-05-03 08:45:00','Concluído'), 
 ('114','22','2023-05-03 09:15:00','Entregue'), 
 ('115','15','2023-05-03 10:00:00','Em Andamento'), 
 ('116','19','2023-05-04 08:00:00','Concluído'), 
 ('117','21','2023-05-04 09:30:00','Entregue'), 
 ('118','7','2023-05-04 10:45:00','Em Andamento'), 
 ('119','11','2023-05-05 11:00:00','Concluído'), 
 ('120','13','2023-05-05 12:30:00','Entregue'), 
 ('121','3','2023-05-06 08:15:00','Em Andamento'), 
 ('122','24','2023-05-06 09:00:00','Concluído'), 
 ('123','17','2023-05-06 10:30:00','Entregue'), 
 ('124','23','2023-05-07 08:00:00','Em Andamento'), 
 ('125','6','2023-05-07 09:45:00','Concluído'), 
 ('126','20','2023-05-07 11:15:00','Entregue'), 
 ('127','14','2023-05-08 12:45:00','Em Andamento'), 
 ('128','25','2023-05-08 13:30:00','Concluído'), 
 ('129','8','2023-05-15 08:15:00','Entregue'), 
 ('130','10','2023-05-15 10:30:00','Em Andamento'), 
 ('131','4','2023-05-15 11:45:00','Concluído'), 
 ('132','2','2023-05-15 12:00:00','Entregue'), 
 ('133','16','2023-05-15 09:00:00','Em Andamento'), 
 ('134','12','2023-05-15 10:15:00','Concluído'), 
 ('135','26','2023-05-15 11:30:00','Entregue'), 
 ('136','5','2023-05-20 08:30:00','Em Andamento'), 
 ('137','9','2023-05-20 10:45:00','Concluído'), 
 ('138','18','2023-05-20 12:15:00','Entregue'), 
 ('139','1','2023-05-20 08:45:00','Em Andamento'), 
 ('140','22','2023-05-20 09:15:00','Concluído'), 
 ('141','15','2023-05-20 10:00:00','Entregue'), 
 ('142','19','2023-05-25 08:00:00','Em Andamento'), 
 ('143','21','2023-05-25 09:30:00','Concluído'), 
 ('144','7','2023-05-25 10:45:00','Entregue'), 
 ('145','11','2023-05-25 11:00:00','Em Andamento'), 
 ('146','13','2023-05-25 12:30:00','Concluído'), 
 ('147','3','2023-05-30 08:15:00','Entregue'), 
 ('148','24','2023-05-30 09:00:00','Em Andamento'), 
 ('149','17','2023-05-30 10:30:00','Concluído'), 
 ('150','23','2023-05-30 08:00:00','Em Andamento'), 
 ('151','6','2023-05-30 09:45:00','Entregue'), 
 ('152','8','2023-06-01 08:15:00','Em Andamento'), 
 ('153','10','2023-06-01 10:30:00','Concluído'), 
 ('154','4','2023-06-01 11:45:00','Entregue'), 
 ('155','2','2023-06-01 12:00:00','Em Andamento'), 
 ('156','16','2023-06-02 09:00:00','Concluído'), 
 ('157','12','2023-06-02 10:15:00','Entregue'), 
 ('158','26','2023-06-02 11:30:00','Em Andamento'), 
 ('159','5','2023-06-03 08:30:00','Concluído'), 
 ('160','9','2023-06-03 10:45:00','Entregue'), 
 ('161','18','2023-06-03 12:15:00','Em Andamento'), 
 ('162','1','2023-06-04 08:45:00','Concluído'), 
 ('163','22','2023-06-04 09:15:00','Entregue'), 
 ('164','15','2023-06-04 10:00:00','Em Andamento'), 
 ('165','19','2023-06-05 08:00:00','Concluído'), 
 ('166','21','2023-06-05 09:30:00','Entregue'), 
 ('167','7','2023-06-05 10:45:00','Em Andamento'), 
 ('168','11','2023-06-06 11:00:00','Concluído'), 
 ('169','13','2023-06-06 12:30:00','Entregue'), 
 ('170','3','2023-06-07 08:15:00','Em Andamento'), 
 ('171','24','2023-06-07 09:00:00','Concluído'), 
 ('172','17','2023-06-07 10:30:00','Entregue'), 
 ('173','23','2023-06-08 08:00:00','Em Andamento'), 
 ('174','6','2023-06-08 09:45:00','Concluído'), 
 ('175','20','2023-06-08 11:15:00','Entregue'), 
 ('176','14','2023-06-09 12:45:00','Em Andamento'), 
 ('177','25','2023-06-09 13:30:00','Concluído'), 
 ('178','8','2023-06-10 08:15:00','Entregue'), 
 ('179','10','2023-06-10 10:30:00','Em Andamento'), 
 ('180','4','2023-06-10 11:45:00','Concluído'), 
 ('181','2','2023-06-10 12:00:00','Entregue'), 
 ('182','16','2023-06-11 09:00:00','Em Andamento'), 
 ('183','12','2023-06-11 10:15:00','Concluído'), 
 ('184','26','2023-06-11 11:30:00','Entregue'), 
 ('185','5','2023-06-12 08:30:00','Em Andamento'), 
 ('186','9','2023-06-12 10:45:00','Concluído'), 
 ('187','18','2023-06-12 12:15:00','Entregue'), 
 ('188','1','2023-06-13 08:45:00','Em Andamento'), 
 ('189','22','2023-06-13 09:15:00','Concluído'), 
 ('190','15','2023-06-13 10:00:00','Entregue'), 
 ('191','19','2023-06-14 08:00:00','Em Andamento'), 
 ('192','21','2023-06-14 09:30:00','Concluído'), 
 ('193','7','2023-06-14 10:45:00','Entregue'), 
 ('194','11','2023-06-15 11:00:00','Em Andamento'), 
 ('195','13','2023-06-15 12:30:00','Concluído'), 
 ('196','3','2023-06-15 08:15:00','Entregue'), 
 ('197','24','2023-06-15 09:00:00','Em Andamento'), 
 ('198','17','2023-06-15 10:30:00','Concluído'), 
 ('199','23','2023-06-16 08:00:00','Entregue'), 
 ('200','6','2023-06-16 09:45:00','Em Andamento'), 
 ('201','8','2023-07-01 08:15:00','Em Andamento'), 
 ('202','10','2023-07-01 10:30:00','Concluído'), 
 ('203','4','2023-07-01 11:45:00','Entregue'), 
 ('204','2','2023-07-01 12:00:00','Em Andamento'), 
 ('205','16','2023-07-02 09:00:00','Concluído'), 
 ('206','12','2023-07-02 10:15:00','Entregue'), 
 ('207','26','2023-07-02 11:30:00','Em Andamento'), 
 ('208','5','2023-07-03 08:30:00','Concluído'), 
 ('209','9','2023-07-03 10:45:00','Entregue'), 
 ('210','18','2023-07-03 12:15:00','Em Andamento'), 
 ('211','1','2023-07-04 08:45:00','Concluído'), 
 ('212','22','2023-07-04 09:15:00','Entregue'), 
 ('213','15','2023-07-04 10:00:00','Em Andamento'), 
 ('214','19','2023-07-05 08:00:00','Concluído'), 
 ('215','21','2023-07-05 09:30:00','Entregue'), 
 ('216','7','2023-07-05 10:45:00','Em Andamento'), 
 ('217','11','2023-07-06 11:00:00','Concluído'), 
 ('218','13','2023-07-06 12:30:00','Entregue'), 
 ('219','3','2023-07-07 08:15:00','Em Andamento'), 
 ('220','24','2023-07-07 09:00:00','Concluído'), 
 ('221','17','2023-07-07 10:30:00','Entregue'), 
 ('222','23','2023-07-08 08:00:00','Em Andamento'), 
 ('223','6','2023-07-08 09:45:00','Concluído'), 
 ('224','20','2023-07-08 11:15:00','Entregue'), 
 ('225','14','2023-07-09 12:45:00','Em Andamento'), 
 ('226','25','2023-07-09 13:30:00','Concluído'), 
 ('227','8','2023-07-10 08:15:00','Entregue'), 
 ('228','10','2023-07-10 10:30:00','Em Andamento'), 
 ('229','4','2023-07-10 11:45:00','Concluído'), 
 ('230','2','2023-07-10 12:00:00','Entregue'), 
 ('231','16','2023-07-11 09:00:00','Em Andamento'), 
 ('232','12','2023-07-11 10:15:00','Concluído'), 
 ('233','26','2023-07-11 11:30:00','Entregue'), 
 ('234','5','2023-07-12 08:30:00','Em Andamento'), 
 ('235','9','2023-07-12 10:45:00','Concluído'), 
 ('236','18','2023-07-12 12:15:00','Entregue'), 
 ('237','1','2023-07-13 08:45:00','Em Andamento'), 
 ('238','22','2023-07-13 09:15:00','Concluído'), 
 ('239','15','2023-07-13 10:00:00','Entregue'), 
 ('240','19','2023-07-14 08:00:00','Em Andamento'), 
 ('241','21','2023-07-14 09:30:00','Concluído'), 
 ('242','7','2023-07-14 10:45:00','Entregue'), 
 ('243','11','2023-07-15 11:00:00','Em Andamento'), 
 ('244','13','2023-07-15 12:30:00','Concluído'), 
 ('245','3','2023-07-15 08:15:00','Entregue'), 
 ('246','24','2023-07-15 09:00:00','Em Andamento'), 
 ('247','17','2023-07-15 10:30:00','Concluído'), 
 ('248','23','2023-07-16 08:00:00','Entregue'), 
 ('249','6','2023-07-16 09:45:00','Em Andamento'), 
 ('250','8','2023-07-20 08:15:00','Concluído'), 
 ('251','10','2023-07-20 10:30:00','Entregue'), 
 ('252','4','2023-07-20 11:45:00','Em Andamento'), 
 ('253','2','2023-07-20 12:00:00','Concluído'), 
 ('254','16','2023-07-21 09:00:00','Entregue'), 
 ('255','12','2023-07-21 10:15:00','Em Andamento'), 
 ('256','26','2023-07-21 11:30:00','Concluído'), 
 ('257','5','2023-07-22 08:30:00','Entregue'), 
 ('258','9','2023-07-22 10:45:00','Em Andamento'), 
 ('259','18','2023-07-22 12:15:00','Concluído'), 
 ('260','1','2023-07-23 08:45:00','Entregue'), 
 ('261','22','2023-07-23 09:15:00','Em Andamento'), 
 ('262','15','2023-07-23 10:00:00','Concluído'), 
 ('263','19','2023-07-24 08:00:00','Entregue'), 
 ('264','21','2023-07-24 09:30:00','Em Andamento'), 
 ('265','7','2023-07-24 10:45:00','Concluído'), 
 ('266','11','2023-07-25 11:00:00','Entregue'), 
 ('267','13','2023-07-25 12:30:00','Em Andamento'), 
 ('268','3','2023-07-25 08:15:00','Concluído'), 
 ('269','24','2023-07-25 09:00:00','Entregue'), 
 ('270','17','2023-07-25 10:30:00','Em Andamento'), 
 ('271','23','2023-07-26 08:00:00','Concluído'), 
 ('272','6','2023-07-26 09:45:00','Entregue'), 
 ('273','8','2023-07-30 08:15:00','Em Andamento'), 
 ('274','10','2023-07-30 10:30:00','Concluído'), 
 ('275','4','2023-07-30 11:45:00','Entregue'), 
 ('276','2','2023-07-30 12:00:00','Em Andamento'), 
 ('277','8','2023-08-01 08:15:00','Em Andamento'), 
 ('278','10','2023-08-01 10:30:00','Concluído'), 
 ('279','4','2023-08-01 11:45:00','Entregue'), 
 ('280','2','2023-08-01 12:00:00','Em Andamento'), 
 ('281','16','2023-08-02 09:00:00','Concluído'), 
 ('282','12','2023-08-02 10:15:00','Entregue'), 
 ('283','26','2023-08-02 11:30:00','Em Andamento'), 
 ('284','5','2023-08-03 08:30:00','Concluído'), 
 ('285','9','2023-08-03 10:45:00','Entregue'), 
 ('286','18','2023-08-03 12:15:00','Em Andamento'), 
 ('287','1','2023-08-04 08:45:00','Concluído'), 
 ('288','22','2023-08-04 09:15:00','Entregue'), 
 ('289','15','2023-08-04 10:00:00','Em Andamento'), 
 ('290','19','2023-08-05 08:00:00','Concluído'), 
 ('291','21','2023-08-05 09:30:00','Entregue'), 
 ('292','7','2023-08-05 10:45:00','Em Andamento'), 
 ('293','11','2023-08-06 11:00:00','Concluído'), 
 ('294','13','2023-08-06 12:30:00','Entregue'), 
 ('295','3','2023-08-07 08:15:00','Em Andamento'), 
 ('296','24','2023-08-07 09:00:00','Concluído'), 
 ('297','17','2023-08-07 10:30:00','Entregue'), 
 ('298','23','2023-08-08 08:00:00','Em Andamento'), 
 ('299','6','2023-08-08 09:45:00','Concluído'), 
 ('300','20','2023-08-08 11:15:00','Entregue'), 
 ('301','14','2023-08-09 12:45:00','Em Andamento'), 
 ('302','25','2023-08-09 13:30:00','Concluído'), 
 ('303','8','2023-08-10 08:15:00','Entregue'), 
 ('304','10','2023-08-10 10:30:00','Em Andamento'), 
 ('305','4','2023-08-10 11:45:00','Concluído'), 
 ('306','2','2023-08-10 12:00:00','Entregue'), 
 ('307','16','2023-08-11 09:00:00','Em Andamento'), 
 ('308','12','2023-08-11 10:15:00','Concluído'), 
 ('309','26','2023-08-11 11:30:00','Entregue'), 
 ('310','5','2023-08-12 08:30:00','Em Andamento'), 
 ('311','9','2023-08-12 10:45:00','Concluído'), 
 ('312','18','2023-08-12 12:15:00','Entregue'), 
 ('313','1','2023-08-13 08:45:00','Em Andamento'), 
 ('314','22','2023-08-13 09:15:00','Concluído'), 
 ('315','15','2023-08-13 10:00:00','Entregue'), 
 ('316','19','2023-08-14 08:00:00','Em Andamento'), 
 ('317','21','2023-08-14 09:30:00','Concluído'), 
 ('318','7','2023-08-14 10:45:00','Entregue'), 
 ('319','11','2023-08-15 11:00:00','Em Andamento'), 
 ('320','13','2023-08-15 12:30:00','Concluído'), 
 ('321','3','2023-08-15 08:15:00','Entregue'), 
 ('322','24','2023-08-15 09:00:00','Em Andamento'), 
 ('323','17','2023-08-15 10:30:00','Concluído'), 
 ('324','23','2023-08-16 08:00:00','Entregue'), 
 ('325','6','2023-08-16 09:45:00','Em Andamento'), 
 ('326','8','2023-08-20 08:15:00','Concluído'), 
 ('327','10','2023-08-20 10:30:00','Entregue'), 
 ('328','4','2023-08-20 11:45:00','Em Andamento'), 
 ('329','2','2023-08-20 12:00:00','Concluído'), 
 ('330','16','2023-08-21 09:00:00','Entregue'), 
 ('331','12','2023-08-21 10:15:00','Em Andamento'), 
 ('332','26','2023-08-21 11:30:00','Concluído'), 
 ('333','5','2023-08-22 08:30:00','Entregue'), 
 ('334','9','2023-08-22 10:45:00','Em Andamento'), 
 ('335','18','2023-08-22 12:15:00','Concluído'), 
 ('336','1','2023-08-23 08:45:00','Entregue'), 
 ('337','22','2023-08-23 09:15:00','Em Andamento'), 
 ('338','15','2023-08-23 10:00:00','Concluído'), 
 ('339','19','2023-08-24 08:00:00','Entregue'), 
 ('340','21','2023-08-24 09:30:00','Em Andamento'), 
 ('341','7','2023-08-24 10:45:00','Concluído'), 
 ('342','11','2023-08-25 11:00:00','Entregue'), 
 ('343','13','2023-08-25 12:30:00','Em Andamento'), 
 ('344','3','2023-08-25 08:15:00','Concluído'), 
 ('345','24','2023-08-25 09:00:00','Entregue'), 
 ('346','17','2023-08-25 10:30:00','Em Andamento'), 
 ('347','23','2023-08-26 08:00:00','Concluído'), 
 ('348','6','2023-08-26 09:45:00','Entregue'), 
 ('349','8','2023-08-30 08:15:00','Em Andamento'), 
 ('350','10','2023-08-30 10:30:00','Concluído'), 
 ('351','4','2023-08-30 11:45:00','Entregue'), 
 ('352','2','2023-08-30 12:00:00','Em Andamento'), 
 ('353','16','2023-08-31 09:00:00','Concluído'), 
 ('354','12','2023-08-31 10:15:00','Entregue'), 
 ('355','8','2023-09-01 08:15:00','Em Andamento'), 
 ('356','10','2023-09-01 10:30:00','Concluído'), 
 ('357','4','2023-09-01 11:45:00','Entregue'), 
 ('358','2','2023-09-01 12:00:00','Em Andamento'), 
 ('359','16','2023-09-02 09:00:00','Concluído'), 
 ('360','12','2023-09-02 10:15:00','Entregue'), 
 ('361','26','2023-09-02 11:30:00','Em Andamento'), 
 ('362','5','2023-09-03 08:30:00','Concluído'), 
 ('363','9','2023-09-03 10:45:00','Entregue'), 
 ('364','18','2023-09-03 12:15:00','Em Andamento'), 
 ('365','1','2023-09-04 08:45:00','Concluído'), 
 ('366','22','2023-09-04 09:15:00','Entregue'), 
 ('367','15','2023-09-04 10:00:00','Em Andamento'), 
 ('368','19','2023-09-05 08:00:00','Concluído'), 
 ('369','21','2023-09-05 09:30:00','Entregue'), 
 ('370','7','2023-09-05 10:45:00','Em Andamento'), 
 ('371','11','2023-09-06 11:00:00','Concluído'), 
 ('372','13','2023-09-06 12:30:00','Entregue'), 
 ('373','3','2023-09-07 08:15:00','Em Andamento'), 
 ('374','24','2023-09-07 09:00:00','Concluído'), 
 ('375','17','2023-09-07 10:30:00','Entregue'), 
 ('376','23','2023-09-08 08:00:00','Em Andamento'), 
 ('377','6','2023-09-08 09:45:00','Concluído'), 
 ('378','20','2023-09-08 11:15:00','Entregue'), 
 ('379','14','2023-09-09 12:45:00','Em Andamento'), 
 ('380','25','2023-09-09 13:30:00','Concluído'), 
 ('381','8','2023-09-10 08:15:00','Entregue'), 
 ('382','10','2023-09-10 10:30:00','Em Andamento'), 
 ('383','4','2023-09-10 11:45:00','Concluído'), 
 ('384','2','2023-09-10 12:00:00','Entregue'), 
 ('385','16','2023-09-11 09:00:00','Em Andamento'), 
 ('386','12','2023-09-11 10:15:00','Concluído'), 
 ('387','26','2023-09-11 11:30:00','Entregue'), 
 ('388','5','2023-09-12 08:30:00','Em Andamento'), 
 ('389','9','2023-09-12 10:45:00','Concluído'), 
 ('390','18','2023-09-12 12:15:00','Entregue'), 
 ('391','1','2023-09-13 08:45:00','Em Andamento'), 
 ('392','22','2023-09-13 09:15:00','Concluído'), 
 ('393','15','2023-09-13 10:00:00','Entregue'), 
 ('394','19','2023-09-14 08:00:00','Em Andamento'), 
 ('395','21','2023-09-14 09:30:00','Concluído'), 
 ('396','7','2023-09-14 10:45:00','Entregue'), 
 ('397','11','2023-09-15 11:00:00','Em Andamento'), 
 ('398','13','2023-09-15 12:30:00','Concluído'), 
 ('399','3','2023-09-15 08:15:00','Entregue'), 
 ('400','24','2023-09-15 09:00:00','Em Andamento'), 
 ('401','17','2023-09-15 10:30:00','Concluído'), 
 ('402','23','2023-09-16 08:00:00','Entregue'), 
 ('403','6','2023-09-16 09:45:00','Em Andamento'), 
 ('404','8','2023-09-20 08:15:00','Concluído'), 
 ('405','10','2023-09-20 10:30:00','Entregue'), 
 ('406','4','2023-09-20 11:45:00','Em Andamento'), 
 ('407','2','2023-09-20 12:00:00','Concluído'), 
 ('408','16','2023-09-21 09:00:00','Entregue'), 
 ('409','12','2023-09-21 10:15:00','Em Andamento'), 
 ('410','26','2023-09-21 11:30:00','Concluído'), 
 ('411','5','2023-09-22 08:30:00','Entregue'), 
 ('412','9','2023-09-22 10:45:00','Em Andamento'), 
 ('413','18','2023-09-22 12:15:00','Concluído'), 
 ('414','1','2023-09-23 08:45:00','Entregue'), 
 ('415','22','2023-09-23 09:15:00','Em Andamento'), 
 ('416','15','2023-09-23 10:00:00','Concluído'), 
 ('417','19','2023-09-24 08:00:00','Entregue'), 
 ('418','21','2023-09-24 09:30:00','Em Andamento'), 
 ('419','7','2023-09-24 10:45:00','Concluído'), 
 ('420','11','2023-09-25 11:00:00','Entregue'), 
 ('421','13','2023-09-25 12:30:00','Em Andamento'), 
 ('422','3','2023-09-25 08:15:00','Concluído'), 
 ('423','24','2023-09-25 09:00:00','Entregue'), 
 ('424','17','2023-09-25 10:30:00','Em Andamento'), 
 ('425','23','2023-09-26 08:00:00','Concluído'), 
 ('426','6','2023-09-26 09:45:00','Entregue'), 
 ('427','8','2023-09-30 08:15:00','Em Andamento'), 
 ('428','10','2023-09-30 10:30:00','Concluído'), 
 ('429','4','2023-09-30 11:45:00','Entregue'), 
 ('430','2','2023-09-30 12:00:00','Em Andamento'), 
 ('431','16','2023-10-01 09:00:00','Concluído'), 
 ('432','12','2023-10-01 10:15:00','Entregue'), 
 ('433','26','2023-10-01 11:30:00','Em Andamento'), 
 ('434','5','2023-10-02 08:30:00','Concluído'), 
 ('435','9','2023-10-02 10:45:00','Entregue'), 
 ('436','18','2023-10-02 12:15:00','Em Andamento'), 
 ('437','1','2023-10-03 08:45:00','Concluído'), 
 ('438','22','2023-10-03 09:15:00','Entregue'), 
 ('439','15','2023-10-03 10:00:00','Em Andamento'), 
 ('440','19','2023-10-04 08:00:00','Concluído'), 
 ('441','21','2023-10-04 09:30:00','Entregue'), 
 ('442','7','2023-10-04 10:45:00','Em Andamento'), 
 ('443','11','2023-10-05 11:00:00','Concluído'), 
 ('444','13','2023-10-05 12:30:00','Entregue'), 
 ('445','3','2023-10-05 08:15:00','Em Andamento'), 
 ('446','24','2023-10-05 09:00:00','Concluído'), 
 ('447','17','2023-10-05 10:30:00','Entregue'), 
 ('448','23','2023-10-06 08:00:00','Em Andamento'), 
 ('449','6','2023-10-06 09:45:00','Concluído'), 
 ('450','8','2023-10-06 10:30:00','Entregue');

INSERT INTO itens_pedidos (id_pedido, id_produto, quantidade, preco_unitario) VALUES 
 ('1','5','1','2.00'), 
 ('1','2','2','7.00'), 
 ('2','12','3','13.50'), 
 ('3','8','1','8.00'), 
 ('3','20','1','4.00'), 
 ('3','15','2','22.00'), 
 ('4','6','1','2.00'), 
 ('4','10','4','20.00'), 
 ('5','19','1','10.00'), 
 ('6','25','1','5.00'), 
 ('6','1','2','5.00'), 
 ('7','18','3','7.50'), 
 ('8','27','1','4.50'), 
 ('8','21','2','13.00'), 
 ('9','9','1','9.00'), 
 ('9','13','1','7.00'), 
 ('9','4','2','9.00'), 
 ('10','14','1','6.00'), 
 ('10','3','3','12.00'), 
 ('11','7','1','7.50'), 
 ('11','28','2','7.00'), 
 ('12','11','4','14.00'), 
 ('13','22','1','3.00'), 
 ('13','30','1','8.00'), 
 ('13','16','2','11.00'), 
 ('14','26','1','7.00'), 
 ('14','17','3','12.00'), 
 ('15','23','2','9.00'), 
 ('16','29','1','6.50'), 
 ('17','12','1','4.50'), 
 ('17','24','1','5.50'), 
 ('17','5','2','4.00'), 
 ('18','19','2','20.00'), 
 ('18','8','3','24.00'), 
 ('19','21','1','6.50'), 
 ('19','10','2','10.00'), 
 ('20','6','1','2.00'), 
 ('20','27','2','9.00'), 
 ('21','15','1','11.00'), 
 ('21','9','3','27.00'), 
 ('22','13','1','7.00'), 
 ('22','4','2','9.00'), 
 ('23','3','1','4.00'), 
 ('23','14','2','12.00'), 
 ('24','7','1','7.50'), 
 ('24','28','3','10.50'), 
 ('25','16','1','5.50'), 
 ('25','22','3','9.00'), 
 ('25','11','2','7.00'), 
 ('26','30','1','8.00'), 
 ('26','17','2','8.00'), 
 ('27','23','1','4.50'), 
 ('27','26','3','21.00'), 
 ('28','24','1','5.50'), 
 ('28','29','2','13.00'), 
 ('29','1','1','2.50'), 
 ('29','20','2','8.00'), 
 ('30','12','1','4.50'), 
 ('30','5','3','6.00'), 
 ('31','1','1','2.50'), 
 ('31','9','2','18.00'), 
 ('32','21','1','6.50'), 
 ('32','13','3','21.00'), 
 ('32','15','2','22.00'), 
 ('33','7','1','7.50'), 
 ('34','18','2','5.00'), 
 ('34','12','3','13.50'), 
 ('35','3','1','4.00'), 
 ('36','28','1','3.50'), 
 ('36','1','2','5.00'), 
 ('37','14','2','12.00'), 
 ('37','8','3','24.00'), 
 ('38','20','1','4.00'), 
 ('38','25','1','5.00'), 
 ('38','16','2','11.00'), 
 ('39','19','3','30.00'), 
 ('40','6','1','2.00'), 
 ('41','11','2','7.00'), 
 ('42','26','1','7.00'), 
 ('42','30','2','16.00'), 
 ('43','10','1','5.00'), 
 ('43','5','2','4.00'), 
 ('43','22','3','9.00'), 
 ('44','24','1','5.50'), 
 ('45','29','2','13.00'), 
 ('45','17','3','12.00'), 
 ('46','23','1','4.50'), 
 ('46','2','2','7.00'), 
 ('47','9','1','9.00'), 
 ('47','13','2','14.00'), 
 ('47','28','3','10.50'), 
 ('48','21','1','6.50'), 
 ('49','4','2','9.00'), 
 ('50','1','3','7.50'), 
 ('51','8','1','8.00'), 
 ('51','14','2','12.00'), 
 ('52','16','1','5.50'), 
 ('52','20','3','12.00'), 
 ('53','4','2','9.00'), 
 ('54','11','1','3.50'), 
 ('54','21','3','19.50'), 
 ('55','27','1','4.50'), 
 ('55','28','2','7.00'), 
 ('56','10','1','5.00'), 
 ('56','19','3','30.00'), 
 ('57','9','2','18.00'), 
 ('58','30','1','8.00'), 
 ('58','15','3','33.00'), 
 ('59','3','1','4.00'), 
 ('59','13','2','14.00'), 
 ('60','24','3','16.50'), 
 ('61','6','1','2.00'), 
 ('61','23','2','9.00'), 
 ('62','18','1','2.50'), 
 ('62','25','3','15.00'), 
 ('63','2','1','3.50'), 
 ('63','5','2','4.00'), 
 ('64','17','1','4.00'), 
 ('64','29','3','19.50'), 
 ('65','12','1','4.50'), 
 ('65','26','2','14.00'), 
 ('66','1','3','7.50'), 
 ('67','22','1','3.00'), 
 ('67','7','2','15.00'), 
 ('68','15','3','33.00'), 
 ('69','4','1','4.50'), 
 ('69','9','2','18.00'), 
 ('70','21','1','6.50'), 
 ('70','13','3','21.00'), 
 ('70','15','2','22.00'), 
 ('71','7','1','7.50'), 
 ('71','18','2','5.00'), 
 ('72','10','1','5.00'), 
 ('72','19','3','30.00'), 
 ('73','4','1','4.50'), 
 ('73','9','2','18.00'), 
 ('74','26','2','14.00'), 
 ('74','11','3','10.50'), 
 ('75','20','1','4.00'), 
 ('75','16','2','11.00'), 
 ('76','27','1','4.50'), 
 ('76','5','2','4.00'), 
 ('76','28','3','10.50'), 
 ('77','24','1','5.50'), 
 ('78','29','2','13.00'), 
 ('78','17','3','12.00'), 
 ('79','23','1','4.50'), 
 ('79','2','2','7.00'), 
 ('80','9','1','9.00'), 
 ('80','28','2','7.00'), 
 ('80','13','3','21.00'), 
 ('81','21','1','6.50'), 
 ('82','4','2','9.00'), 
 ('83','22','1','3.00'), 
 ('83','1','3','7.50'), 
 ('84','7','2','15.00'), 
 ('84','15','3','33.00'), 
 ('85','24','1','5.50'), 
 ('85','12','2','9.00'), 
 ('86','19','3','30.00'), 
 ('87','12','1','4.50'), 
 ('87','5','2','4.00'), 
 ('88','16','1','5.50'), 
 ('88','20','3','12.00'), 
 ('89','4','2','9.00'), 
 ('90','21','2','13.00'), 
 ('90','11','3','10.50'), 
 ('91','28','1','3.50'), 
 ('91','27','2','9.00'), 
 ('92','10','1','5.00'), 
 ('92','19','3','30.00'), 
 ('93','9','2','18.00'), 
 ('94','13','1','7.00'), 
 ('94','3','3','12.00'), 
 ('94','24','2','11.00'), 
 ('95','6','1','2.00'), 
 ('96','2','1','3.50'), 
 ('96','23','3','13.50'), 
 ('97','29','1','6.50'), 
 ('97','17','2','8.00'), 
 ('97','8','3','24.00'), 
 ('98','15','1','11.00'), 
 ('98','25','2','10.00'), 
 ('99','12','1','4.50'), 
 ('99','26','3','21.00'), 
 ('100','1','2','5.00'), 
 ('100','22','3','9.00'), 
 ('101','7','1','7.50'), 
 ('101','15','2','22.00'), 
 ('102','24','1','5.50'), 
 ('102','29','3','19.50'), 
 ('103','17','1','4.00'), 
 ('103','20','2','8.00'), 
 ('103','18','3','7.50'), 
 ('104','14','1','6.00'), 
 ('104','6','2','4.00'), 
 ('105','13','1','7.00'), 
 ('105','4','2','9.00'), 
 ('105','9','3','27.00'), 
 ('106','3','2','8.00'), 
 ('107','8','1','8.00'), 
 ('107','14','2','12.00'), 
 ('108','16','1','5.50'), 
 ('108','5','2','4.00'), 
 ('108','20','3','12.00'), 
 ('109','4','1','4.50'), 
 ('110','11','2','7.00'), 
 ('110','21','3','19.50'), 
 ('111','28','1','3.50'), 
 ('111','27','2','9.00'), 
 ('112','10','1','5.00'), 
 ('112','19','3','30.00'), 
 ('113','4','1','4.50'), 
 ('113','9','2','18.00'), 
 ('114','26','2','14.00'), 
 ('114','11','3','10.50'), 
 ('115','1','1','2.50'), 
 ('115','22','2','6.00'), 
 ('116','15','1','11.00'), 
 ('116','3','2','8.00'), 
 ('116','7','3','22.50'), 
 ('117','24','1','5.50'), 
 ('118','17','2','8.00'), 
 ('118','29','3','19.50'), 
 ('119','23','1','4.50'), 
 ('120','6','1','2.00'), 
 ('120','2','2','7.00'), 
 ('121','15','2','22.00'), 
 ('121','18','3','7.50'), 
 ('122','29','1','6.50'), 
 ('123','8','2','16.00'), 
 ('123','10','3','15.00'), 
 ('124','13','1','7.00'), 
 ('124','5','2','4.00'), 
 ('125','26','1','7.00'), 
 ('125','17','3','12.00'), 
 ('126','1','1','2.50'), 
 ('126','22','2','6.00'), 
 ('127','15','1','11.00'), 
 ('127','7','3','22.50'), 
 ('128','13','1','7.00'), 
 ('128','3','2','8.00'), 
 ('128','24','3','16.50'), 
 ('129','9','2','18.00'), 
 ('130','4','1','4.50'), 
 ('130','11','3','10.50'), 
 ('131','28','1','3.50'), 
 ('131','26','2','14.00'), 
 ('132','22','2','6.00'), 
 ('132','1','3','7.50'), 
 ('133','20','1','4.00'), 
 ('133','16','2','11.00'), 
 ('134','7','1','7.50'), 
 ('134','5','3','6.00'), 
 ('135','23','2','9.00'), 
 ('135','2','3','10.50'), 
 ('136','17','1','4.00'), 
 ('136','29','2','13.00'), 
 ('137','18','1','2.50'), 
 ('137','8','3','24.00'), 
 ('138','19','2','20.00'), 
 ('139','6','1','2.00'), 
 ('140','9','2','18.00'), 
 ('140','15','3','33.00'), 
 ('141','14','1','6.00'), 
 ('141','10','2','10.00'), 
 ('142','21','1','6.50'), 
 ('142','30','3','24.00'), 
 ('143','12','2','9.00'), 
 ('144','25','1','5.00'), 
 ('145','16','2','11.00'), 
 ('145','14','3','18.00'), 
 ('146','6','1','2.00'), 
 ('146','4','2','9.00'), 
 ('146','13','3','21.00'), 
 ('147','19','1','10.00'), 
 ('147','10','2','10.00'), 
 ('148','4','1','4.50'), 
 ('148','9','3','27.00'), 
 ('149','11','2','7.00'), 
 ('149','26','3','21.00'), 
 ('150','1','1','2.50'), 
 ('150','22','2','6.00'), 
 ('150','7','3','22.50'), 
 ('151','28','1','3.50'), 
 ('151','5','3','6.00'), 
 ('151','27','2','9.00'), 
 ('152','24','1','5.50'), 
 ('152','17','2','8.00'), 
 ('153','2','1','3.50'), 
 ('153','29','3','19.50'), 
 ('154','15','2','22.00'), 
 ('154','9','3','27.00'), 
 ('155','14','1','6.00'), 
 ('155','10','2','10.00'), 
 ('156','21','1','6.50'), 
 ('156','30','3','24.00'), 
 ('157','25','1','5.00'), 
 ('157','12','2','9.00'), 
 ('158','16','2','11.00'), 
 ('158','14','3','18.00'), 
 ('159','6','1','2.00'), 
 ('159','4','2','9.00'), 
 ('159','13','3','21.00'), 
 ('160','18','1','2.50'), 
 ('160','23','2','9.00'), 
 ('161','15','1','11.00'), 
 ('161','19','2','20.00'), 
 ('161','8','3','24.00'), 
 ('162','6','1','2.00'), 
 ('163','6','1','2.00'), 
 ('163','4','2','9.00'), 
 ('164','10','1','5.00'), 
 ('164','19','3','30.00'), 
 ('165','9','2','18.00'), 
 ('165','4','3','13.50'), 
 ('166','11','1','3.50'), 
 ('166','26','2','14.00'), 
 ('166','28','3','10.50'), 
 ('167','22','1','3.00'), 
 ('167','1','2','5.00'), 
 ('168','15','2','22.00'), 
 ('168','7','3','22.50'), 
 ('169','3','1','4.00'), 
 ('169','24','2','11.00'), 
 ('170','5','1','2.00'), 
 ('170','13','3','21.00'), 
 ('171','23','2','9.00'), 
 ('171','2','3','10.50'), 
 ('172','17','1','4.00'), 
 ('172','29','2','13.00'), 
 ('173','18','1','2.50'), 
 ('173','8','3','24.00'), 
 ('174','19','2','20.00'), 
 ('175','6','3','6.00'), 
 ('176','15','1','11.00'), 
 ('176','9','2','18.00'), 
 ('177','10','1','5.00'), 
 ('177','14','3','18.00'), 
 ('178','21','1','6.50'), 
 ('178','30','2','16.00'), 
 ('179','25','1','5.00'), 
 ('179','12','3','13.50'), 
 ('180','14','2','12.00'), 
 ('180','16','3','16.50'), 
 ('181','6','1','2.00'), 
 ('181','4','2','9.00'), 
 ('181','13','3','21.00'), 
 ('182','18','1','2.50'), 
 ('182','23','2','9.00'), 
 ('183','15','1','11.00'), 
 ('183','19','2','20.00'), 
 ('183','8','3','24.00'), 
 ('184','20','1','4.00'), 
 ('184','6','1','2.00'), 
 ('185','9','1','9.00'), 
 ('185','5','3','6.00'), 
 ('185','16','2','11.00'), 
 ('186','3','2','8.00'), 
 ('186','24','3','16.50'), 
 ('187','13','1','7.00'), 
 ('187','4','2','9.00'), 
 ('188','26','1','7.00'), 
 ('188','11','3','10.50'), 
 ('189','1','2','5.00'), 
 ('189','22','3','9.00'), 
 ('190','7','1','7.50'), 
 ('191','15','2','22.00'), 
 ('192','19','1','10.00'), 
 ('192','3','3','12.00'), 
 ('193','9','2','18.00'), 
 ('193','4','3','13.50'), 
 ('194','11','1','3.50'), 
 ('194','26','2','14.00'), 
 ('195','1','1','2.50'), 
 ('195','28','3','10.50'), 
 ('196','22','2','6.00'), 
 ('196','7','3','22.50'), 
 ('197','15','1','11.00'), 
 ('197','27','2','9.00'), 
 ('198','24','1','5.50'), 
 ('198','5','3','6.00'), 
 ('199','17','2','8.00'), 
 ('199','29','3','19.50'), 
 ('200','8','1','8.00'), 
 ('200','18','2','5.00'), 
 ('201','6','1','2.00'), 
 ('201','19','3','30.00'), 
 ('202','15','2','22.00'), 
 ('202','14','3','18.00'), 
 ('203','30','1','8.00'), 
 ('204','21','2','13.00'), 
 ('205','12','3','13.50'), 
 ('206','25','1','5.00'), 
 ('207','6','2','4.00'), 
 ('207','16','3','16.50'), 
 ('208','23','1','4.50'), 
 ('208','8','2','16.00'), 
 ('209','19','1','10.00'), 
 ('209','13','3','21.00'), 
 ('210','26','1','7.00'), 
 ('210','11','3','10.50'), 
 ('211','1','2','5.00'), 
 ('211','22','3','9.00'), 
 ('212','7','1','7.50'), 
 ('212','15','2','22.00'), 
 ('213','19','1','10.00'), 
 ('213','3','3','12.00'), 
 ('214','9','2','18.00'), 
 ('214','4','3','13.50'), 
 ('215','11','1','3.50'), 
 ('215','26','2','14.00'), 
 ('216','1','1','2.50'), 
 ('216','28','3','10.50'), 
 ('217','22','2','6.00'), 
 ('217','7','3','22.50'), 
 ('218','15','1','11.00'), 
 ('218','27','2','9.00'), 
 ('219','24','1','5.50'), 
 ('219','5','3','6.00'), 
 ('220','17','2','8.00'), 
 ('220','29','3','19.50'), 
 ('221','8','1','8.00'), 
 ('221','18','2','5.00'), 
 ('222','6','1','2.00'), 
 ('222','19','3','30.00'), 
 ('223','15','2','22.00'), 
 ('223','14','3','18.00'), 
 ('224','30','1','8.00'), 
 ('224','21','2','13.00'), 
 ('225','25','1','5.00'), 
 ('225','12','3','13.50'), 
 ('226','6','2','4.00'), 
 ('226','16','3','16.50'), 
 ('227','23','1','4.50'), 
 ('227','8','2','16.00'), 
 ('228','19','1','10.00'), 
 ('228','13','3','21.00'), 
 ('229','5','3','6.00'), 
 ('229','30','2','16.00'), 
 ('230','11','1','3.50'), 
 ('230','26','2','14.00'), 
 ('231','1','2','5.00'), 
 ('231','22','3','9.00'), 
 ('232','7','1','7.50'), 
 ('232','15','2','22.00'), 
 ('233','19','1','10.00'), 
 ('233','3','3','12.00'), 
 ('234','9','2','18.00'), 
 ('234','4','3','13.50'), 
 ('235','11','1','3.50'), 
 ('235','26','2','14.00'), 
 ('236','1','1','2.50'), 
 ('236','28','3','10.50'), 
 ('237','22','2','6.00'), 
 ('237','7','3','22.50'), 
 ('238','15','1','11.00'), 
 ('238','27','2','9.00'), 
 ('239','24','1','5.50'), 
 ('239','5','3','6.00'), 
 ('240','17','2','8.00'), 
 ('240','29','3','19.50'), 
 ('241','8','1','8.00'), 
 ('241','18','2','5.00'), 
 ('242','6','1','2.00'), 
 ('242','19','3','30.00'), 
 ('243','15','2','22.00'), 
 ('243','14','3','18.00'), 
 ('244','30','1','8.00'), 
 ('244','21','2','13.00'), 
 ('245','25','1','5.00'), 
 ('245','12','3','13.50'), 
 ('246','6','2','4.00'), 
 ('246','16','3','16.50'), 
 ('247','23','1','4.50'), 
 ('247','8','2','16.00'), 
 ('248','19','1','10.00'), 
 ('248','13','3','21.00'), 
 ('249','5','3','6.00'), 
 ('249','30','2','16.00'), 
 ('250','11','1','3.50'), 
 ('250','26','2','14.00'), 
 ('251','1','2','5.00'), 
 ('251','22','3','9.00'), 
 ('252','7','1','7.50'), 
 ('252','15','2','22.00'), 
 ('253','19','1','10.00'), 
 ('253','3','3','12.00'), 
 ('254','9','2','18.00'), 
 ('254','4','3','13.50'), 
 ('255','11','1','3.50'), 
 ('255','26','2','14.00'), 
 ('256','1','1','2.50'), 
 ('256','28','3','10.50'), 
 ('257','22','2','6.00'), 
 ('257','7','3','22.50'), 
 ('258','15','1','11.00'), 
 ('258','27','2','9.00'), 
 ('259','24','1','5.50'), 
 ('259','5','3','6.00');
